-- 서비스 타입 (1: 카페, 2: 학식)
INSERT INTO service_type (service_type_id, name) VALUES
  (1, '카페'),
  (2, '학식');

-- 매장
INSERT INTO store (store_id, service_type_id, name, created_at) VALUES
  (1, 1, '카페 캠퍼스 본관', '2025-01-01 09:00:00'),
  (2, 1, '카페 캠퍼스 진수', '2025-01-01 09:00:00'),
  (3, 2, '학식 본관 식당', '2025-01-01 09:00:00');

-- 카테고리: 카페
INSERT INTO menu_category (menu_category_id, service_type_id, name) VALUES
  (1, 1, '커피'),
  (2, 1, '논커피'),
  (3, 1, '디저트'),
  (8, 1, '티'),
  (9, 1, '스무디·프라페'),
  (10, 1, '에이드'),
  (11, 1, '주스'),
  (12, 1, '베이커리'),
  (13, 1, '아이스크림·쉐이크');

-- 카테고리: 학식
INSERT INTO menu_category (menu_category_id, service_type_id, name) VALUES
  (4, 2, '조식'),
  (5, 2, '찌개·돌솥'),
  (6, 2, '한식'),
  (7, 2, '양식·돈까스'),
  (14, 2, '분식'),
  (15, 2, '라면·샐러드');

-- 학식 메뉴
INSERT INTO menu (menu_id, store_id, category_id, name, price, description) VALUES
  -- 조식
  (1, 3, 4, '백반 정식', 5500, NULL),
  (2, 3, 4, '소시지 달걀 조식', 5200, NULL),
  (3, 3, 4, '참치김치볶음 조식', 5200, NULL),
  (4, 3, 4, '김가루계란밥', 4500, NULL),
  (5, 3, 4, '소고기 미역국 정식', 6000, NULL),
  (6, 3, 4, '두부부침 정식', 5200, NULL),
  -- 찌개·돌솥
  (7, 3, 5, '김치찌개', 6500, NULL),
  (8, 3, 5, '된장찌개', 6500, NULL),
  (9, 3, 5, '순두부찌개', 6500, NULL),
  (10, 3, 5, '뚝배기불고기', 7000, NULL),
  (11, 3, 5, '돌솥비빔밥', 7000, NULL),
  (12, 3, 5, '차돌박이 된장찌개', 7500, NULL),
  -- 한식
  (13, 3, 6, '제육볶음', 7000, NULL),
  (14, 3, 6, '불고기정식', 7500, NULL),
  (15, 3, 6, '닭갈비덮밥', 7000, NULL),
  (16, 3, 6, '고등어구이 정식', 7500, NULL),
  (17, 3, 6, '갈비탕', 8000, NULL),
  (18, 3, 6, '비빔밥', 6500, NULL),
  -- 양식·돈까스
  (19, 3, 7, '등심돈까스', 7000, NULL),
  (20, 3, 7, '치즈돈까스', 7300, NULL),
  (21, 3, 7, '카레돈까스', 7300, NULL),
  (22, 3, 7, '크림파스타', 7000, NULL),
  (23, 3, 7, '토마토파스타', 7000, NULL),
  (24, 3, 7, '로제파스타', 7300, NULL),
  -- 분식
  (25, 3, 14, '떡볶이', 4800, NULL),
  (26, 3, 14, '김밥', 3500, NULL),
  (27, 3, 14, '치즈김밥', 3800, NULL),
  (28, 3, 14, '순대', 3500, NULL),
  (29, 3, 14, '튀김 모듬', 4800, NULL),
  (30, 3, 14, '라볶이', 5500, NULL),
  -- 라면·샐러드
  (31, 3, 15, '사리곰탕라면', 4500, NULL),
  (32, 3, 15, '치즈라면', 4500, NULL),
  (33, 3, 15, '김치라면', 4500, NULL),
  (34, 3, 15, '샐러드(닭가슴살)', 5500, NULL),
  (35, 3, 15, '시저샐러드', 5500, NULL),
  (36, 3, 15, '파스타 샐러드', 5500, NULL);

-- 카페 커피
INSERT INTO menu (menu_id, store_id, category_id, name, price, description) VALUES
  (37, 1, 1, '아메리카노', 3800, NULL),
  (38, 1, 1, '카페라떼', 4300, NULL),
  (39, 1, 1, '바닐라라떼', 4500, NULL),
  (40, 1, 1, '헤이즐넛라떼', 4500, NULL),
  (41, 1, 1, '카라멜라떼', 4500, NULL),
  (42, 1, 1, '카라멜마끼아또', 4800, NULL),
  (43, 1, 1, '카푸치노', 4300, NULL),
  (44, 1, 1, '돌체라떼', 5000, NULL),
  (45, 1, 1, '연유라떼', 4800, NULL),
  (46, 1, 1, '바닐라빈 라떼', 5000, NULL),
  (47, 1, 1, '로투스라떼', 5200, NULL),
  (48, 1, 1, '크림라떼(생크림 라떼)', 5200, NULL),
  (49, 1, 1, '콜드브루', 4500, NULL),
  (50, 1, 1, '콜드브루 라떼', 5000, NULL),
  (51, 1, 1, '흑당 콜드브루', 5200, NULL),
  (52, 1, 1, '휘핑 라떼', 5200, NULL),
  (53, 1, 1, '카페모카', 4800, NULL),
  (54, 1, 1, '화이트모카', 4800, NULL),
  (55, 1, 1, '초코모카', 4800, NULL),
  (56, 1, 1, '에스프레소 더블샷', 3500, NULL),
  (57, 1, 1, '아포가토', 5200, NULL),
  (58, 1, 1, '민트모카라떼', 5000, NULL),
  (59, 1, 1, '아이리시 커피(비알콜)', 5200, NULL),
  (60, 1, 1, '핫초코', 4500, NULL),
  (61, 1, 1, '아이스초코', 4500, NULL),
  (62, 1, 1, '민트초코', 4500, NULL),
  (63, 1, 1, '곡물라떼', 4500, NULL),
  (64, 1, 1, '고구마라떼', 4800, NULL),
  (65, 1, 1, '홍삼라떼', 5200, NULL),
  (66, 1, 1, '말차라떼', 4800, NULL),
  (67, 1, 1, '초코라떼', 4500, NULL),
  (68, 1, 1, '바나나라떼', 4800, NULL),
  (69, 1, 1, '밀크티라떼', 4800, NULL),
  (70, 1, 1, '딸기라떼', 5000, NULL);

-- 카페 티
INSERT INTO menu (menu_id, store_id, category_id, name, price, description) VALUES
  (71, 1, 8, '얼그레이', 4000, NULL),
  (72, 1, 8, '잉글리시브렉퍼스트', 4000, NULL),
  (73, 1, 8, '루이보스', 4000, NULL),
  (74, 1, 8, '페퍼민트', 4000, NULL),
  (75, 1, 8, '캐모마일', 4000, NULL),
  (76, 1, 8, '히비스커스', 4000, NULL),
  (77, 1, 8, '그린티', 4000, NULL),
  (78, 1, 8, '레몬티', 4200, NULL),
  (79, 1, 8, '유자차', 4200, NULL),
  (80, 1, 8, '자몽차', 4200, NULL),
  (81, 1, 8, '대추차', 4200, NULL),
  (82, 1, 8, '생강차', 4500, NULL),
  (83, 1, 8, '꿀레몬티', 4500, NULL),
  (84, 1, 8, '밀크티', 4500, NULL),
  (85, 1, 8, '블랙티', 4000, NULL),
  (86, 1, 8, '피치얼그레이티', 4200, NULL);

-- 카페 스무디·프라페
INSERT INTO menu (menu_id, store_id, category_id, name, price, description) VALUES
  (87, 1, 9, '딸기 스무디', 5500, NULL),
  (88, 1, 9, '망고 스무디', 5500, NULL),
  (89, 1, 9, '키위 스무디', 5500, NULL),
  (90, 1, 9, '블루베리 스무디', 5500, NULL),
  (91, 1, 9, '요거트 스무디', 5500, NULL),
  (92, 1, 9, '플레인요거트 스무디', 5500, NULL),
  (93, 1, 9, '자몽 스무디', 5500, NULL),
  (94, 1, 9, '메론 스무디', 5500, NULL),
  (95, 1, 9, '오렌지 스무디', 5500, NULL),
  (96, 1, 9, '그린티 프라페', 5500, NULL),
  (97, 1, 9, '모카 프라페', 5500, NULL),
  (98, 1, 9, '초코 프라페', 5500, NULL),
  (99, 1, 9, '쿠키앤크림 프라페', 5500, NULL),
  (100, 1, 9, '자바칩 프라페', 5500, NULL),
  (101, 1, 9, '레드벨벳 프라페', 5500, NULL);

-- 카페 에이드
INSERT INTO menu (menu_id, store_id, category_id, name, price, description) VALUES
  (102, 1, 10, '레몬 에이드', 5200, NULL),
  (103, 1, 10, '자몽 에이드', 5200, NULL),
  (104, 1, 10, '청포도 에이드', 5200, NULL),
  (105, 1, 10, '블루레몬 에이드', 5200, NULL),
  (106, 1, 10, '라임 에이드', 5200, NULL),
  (107, 1, 10, '복숭아 에이드', 5200, NULL),
  (108, 1, 10, '딸기 에이드', 5200, NULL),
  (109, 1, 10, '오렌지 에이드', 5200, NULL),
  (110, 1, 10, '체리 에이드', 5200, NULL),
  (111, 1, 10, '패션후르츠 에이드', 5200, NULL),
  (112, 1, 10, '애플망고 에이드', 5200, NULL);

-- 카페 주스
INSERT INTO menu (menu_id, store_id, category_id, name, price, description) VALUES
  (113, 1, 11, '생오렌지 주스', 5500, NULL),
  (114, 1, 11, '생자몽 주스', 5500, NULL),
  (115, 1, 11, '딸기 주스', 5500, NULL),
  (116, 1, 11, '딸기바나나 주스', 5500, NULL),
  (117, 1, 11, '키위 주스', 5500, NULL),
  (118, 1, 11, '수박 주스', 5500, NULL),
  (119, 1, 11, '멜론 주스', 5500, NULL),
  (120, 1, 11, '망고 주스', 5500, NULL),
  (121, 1, 11, '파인애플 주스', 5500, NULL),
  (122, 1, 11, '배 주스', 5500, NULL);

-- 카페 디저트
INSERT INTO menu (menu_id, store_id, category_id, name, price, description) VALUES
  (123, 1, 3, '티라미수', 4800, NULL),
  (124, 1, 3, '치즈케이크', 5200, NULL),
  (125, 1, 3, '레어 치즈케이크', 5200, NULL),
  (126, 1, 3, '초코케이크', 5200, NULL),
  (127, 1, 3, '생크림케이크', 5200, NULL),
  (128, 1, 3, '당근케이크', 5200, NULL),
  (129, 1, 3, '고구마케이크', 5200, NULL),
  (130, 1, 3, '바나나케이크', 5200, NULL),
  (131, 1, 3, '쿠키앤크림케이크', 5200, NULL),
  (132, 1, 3, '블루베리 요거트케이크', 5200, NULL),
  (133, 1, 3, '마카롱', 3000, NULL),
  (134, 1, 3, '무지개케이크', 5200, NULL),
  (135, 1, 3, '크렘브륄레', 4800, NULL);

-- 카페 베이커리
INSERT INTO menu (menu_id, store_id, category_id, name, price, description) VALUES
  (136, 1, 12, '크로아상', 3200, NULL),
  (137, 1, 12, '버터 크로아상', 3400, NULL),
  (138, 1, 12, '초코 크로아상', 3600, NULL),
  (139, 1, 12, '아몬드 크로아상', 3800, NULL),
  (140, 1, 12, '바게트', 3000, NULL),
  (141, 1, 12, '소금빵', 3000, NULL),
  (142, 1, 12, '치즈 소금빵', 3200, NULL),
  (143, 1, 12, '명란바게트', 3800, NULL),
  (144, 1, 12, '스콘(플레인)', 3200, NULL),
  (145, 1, 12, '스콘(블루베리)', 3400, NULL),
  (146, 1, 12, '스콘(초코칩)', 3400, NULL),
  (147, 1, 12, '마늘바게트', 3200, NULL),
  (148, 1, 12, '시나몬롤', 3500, NULL),
  (149, 1, 12, '페스츄리(애플)', 3600, NULL),
  (150, 1, 12, '페스츄리(딸기)', 3600, NULL),
  (151, 1, 12, '페스츄리(피치)', 3600, NULL),
  (152, 1, 12, '베이글(플레인)', 3400, NULL),
  (153, 1, 12, '베이글(블루베리)', 3400, NULL),
  (154, 1, 12, '베이글(어니언)', 3400, NULL),
  (155, 1, 12, '베이글(크림치즈)', 3600, NULL);

-- 카페 아이스크림·쉐이크
INSERT INTO menu (menu_id, store_id, category_id, name, price, description) VALUES
  (156, 1, 13, '바닐라 아이스크림', 4000, NULL),
  (157, 1, 13, '초코 아이스크림', 4000, NULL),
  (158, 1, 13, '망고 아이스크림', 4200, NULL),
  (159, 1, 13, '요거트 아이스크림', 4200, NULL),
  (160, 1, 13, '밀크 쉐이크', 4500, NULL),
  (161, 1, 13, '스트로베리 쉐이크', 4500, NULL),
  (162, 1, 13, '초코 쉐이크', 4500, NULL),
  (163, 1, 13, '바닐라 쉐이크', 4500, NULL),
  (164, 1, 13, '쿠키 쉐이크', 4500, NULL);
