INSERT INTO service_type (service_type_id, name) VALUES
  (1, 'Cafe'),
  (2, 'Cafeteria');

INSERT INTO store (store_id, service_type_id, name, created_at) VALUES
  (1, 1, '캠퍼스 카페 후생관', '2025-01-01 09:00:00'),
  (2, 1, '캠퍼스 카페 진수당', '2025-01-01 09:00:00'),
  (3, 2, '후생관 학식', '2025-01-01 09:00:00');

INSERT INTO users (user_id, password, email, name, created_at) VALUES
  (1, 'password', 'demo1@example.com', '데모유저1', '2025-01-01 09:00:00'),
  (2, 'password', 'demo2@example.com', '데모유저2', '2025-01-01 09:05:00'),
  (3, 'password', 'demo3@example.com', '데모유저3', '2025-01-01 09:10:00');

INSERT INTO menu_category (menu_category_id, service_type_id, name) VALUES
  (1, 1, 'Coffee'),
  (2, 1, 'Non-Coffee'),
  (3, 1, 'Dessert'),
  (4, 2, 'Breakfast'),
  (5, 2, 'Stew'),
  (6, 2, 'Korean'),
  (7, 2, 'Snack'),
  (8, 1, 'Tea'),
  (9, 1, 'Smoothie'),
  (10, 1, 'Ade'),
  (11, 1, 'Juice'),
  (12, 1, 'Bakery'),
  (13, 1, 'IceCream'),
  (14, 2, 'Pasta'),
  (15, 2, 'Salad'),
  (16, 2, 'Ramen'),
  (17, 2, 'Donkatsu'),
  (18, 2, 'Bunsik');

INSERT INTO menu (menu_id, store_id, category_id, name, price, description) VALUES
  -- Coffee (23)
  (1, 1, 1, '아메리카노', 3800, NULL),
  (2, 1, 1, '카페라떼', 4300, NULL),
  (3, 1, 1, '바닐라라떼', 4500, NULL),
  (4, 1, 1, '헤이즐넛라떼', 4500, NULL),
  (5, 1, 1, '카라멜라떼', 4500, NULL),
  (6, 1, 1, '카라멜마끼아또', 4800, NULL),
  (7, 1, 1, '카푸치노', 4300, NULL),
  (8, 1, 1, '돌체라떼', 5000, NULL),
  (9, 1, 1, '연유라떼', 4800, NULL),
  (10, 1, 1, '바닐라빈 라떼', 5000, NULL),
  (11, 1, 1, '로투스라떼', 5200, NULL),
  (12, 1, 1, '크림라떼(생크림 라떼)', 5200, NULL),
  (13, 1, 1, '콜드브루', 4500, NULL),
  (14, 1, 1, '콜드브루 라떼', 5000, NULL),
  (15, 1, 1, '흑당 콜드브루', 5200, NULL),
  (16, 1, 1, '휘핑 라떼', 5000, NULL),
  (17, 1, 1, '카페모카', 4800, NULL),
  (18, 1, 1, '화이트모카', 4800, NULL),
  (19, 1, 1, '초코모카', 4800, NULL),
  (20, 1, 1, '에스프레소 더블샷', 3500, NULL),
  (21, 1, 1, '아포가토', 5200, NULL),
  (22, 1, 1, '민트모카라떼', 5000, NULL),
  (23, 1, 1, '아이리시 커피(비알콜)', 5200, NULL),
  -- Non-Coffee (13)
  (24, 1, 2, '핫초코', 4300, NULL),
  (25, 1, 2, '아이스초코', 4300, NULL),
  (26, 1, 2, '민트초코', 4500, NULL),
  (27, 1, 2, '곡물라떼', 4500, NULL),
  (28, 1, 2, '고구마라떼', 4500, NULL),
  (29, 1, 2, '홍삼라떼', 5000, NULL),
  (30, 1, 2, '말차라떼', 4800, NULL),
  (31, 1, 2, '로투스라떼', 5200, NULL),
  (32, 1, 2, '초코라떼', 4500, NULL),
  (33, 1, 2, '바나나라떼', 4500, NULL),
  (34, 1, 2, '밀크티라떼', 4800, NULL),
  (35, 1, 2, '딸기라떼', 5200, NULL),
  (36, 1, 2, '복숭아라떼', 5200, NULL),
  -- Tea (16)
  (37, 1, 8, '얼그레이', 4000, NULL),
  (38, 1, 8, '잉글리시브렉퍼스트', 4000, NULL),
  (39, 1, 8, '루이보스', 4000, NULL),
  (40, 1, 8, '페퍼민트', 4000, NULL),
  (41, 1, 8, '캐모마일', 4000, NULL),
  (42, 1, 8, '히비스커스', 4200, NULL),
  (43, 1, 8, '그린티', 4000, NULL),
  (44, 1, 8, '레몬티', 4200, NULL),
  (45, 1, 8, '유자차', 4200, NULL),
  (46, 1, 8, '자몽차', 4200, NULL),
  (47, 1, 8, '대추차', 4500, NULL),
  (48, 1, 8, '생강차', 4500, NULL),
  (49, 1, 8, '꿀레몬티', 4500, NULL),
  (50, 1, 8, '밀크티', 4500, NULL),
  (51, 1, 8, '블랙티', 4000, NULL),
  (52, 1, 8, '피치얼그레이티', 4200, NULL),
  -- Smoothie (15)
  (53, 1, 9, '딸기스무디', 5500, NULL),
  (54, 1, 9, '망고스무디', 5500, NULL),
  (55, 1, 9, '키위스무디', 5500, NULL),
  (56, 1, 9, '블루베리스무디', 5500, NULL),
  (57, 1, 9, '요거트스무디', 5500, NULL),
  (58, 1, 9, '플레인요거트스무디', 5500, NULL),
  (59, 1, 9, '자몽스무디', 5500, NULL),
  (60, 1, 9, '메론스무디', 5500, NULL),
  (61, 1, 9, '오렌지 스무디', 5500, NULL),
  (62, 1, 9, '그린티 프라페', 5500, NULL),
  (63, 1, 9, '모카 프라페', 5500, NULL),
  (64, 1, 9, '초코 프라페', 5500, NULL),
  (65, 1, 9, '쿠키앤크림 프라페', 5500, NULL),
  (66, 1, 9, '자바칩 프라페', 5500, NULL),
  (67, 1, 9, '레드벨벳 프라페', 5500, NULL),
  -- Ade (11)
  (68, 1, 10, '레몬에이드', 5200, NULL),
  (69, 1, 10, '자몽에이드', 5200, NULL),
  (70, 1, 10, '청포도에이드', 5200, NULL),
  (71, 1, 10, '블루레몬에이드', 5200, NULL),
  (72, 1, 10, '라임에이드', 5200, NULL),
  (73, 1, 10, '복숭아에이드', 5200, NULL),
  (74, 1, 10, '딸기에이드', 5200, NULL),
  (75, 1, 10, '오렌지에이드', 5200, NULL),
  (76, 1, 10, '체리에이드', 5200, NULL),
  (77, 1, 10, '패션후르츠 에이드', 5200, NULL),
  (78, 1, 10, '애플망고 에이드', 5200, NULL),
  -- Juice (10)
  (79, 1, 11, '생오렌지주스', 5500, NULL),
  (80, 1, 11, '생자몽주스', 5500, NULL),
  (81, 1, 11, '딸기주스', 5500, NULL),
  (82, 1, 11, '딸기바나나주스', 5500, NULL),
  (83, 1, 11, '키위주스', 5500, NULL),
  (84, 1, 11, '수박주스', 5500, NULL),
  (85, 1, 11, '멜론주스', 5500, NULL),
  (86, 1, 11, '망고주스', 5500, NULL),
  (87, 1, 11, '파인애플주스', 5500, NULL),
  (88, 1, 11, '배주스', 5500, NULL),
  -- Dessert (13)
  (89, 1, 3, '티라미수', 4800, NULL),
  (90, 1, 3, '치즈케이크', 5200, NULL),
  (91, 1, 3, '레어치즈케이크', 5200, NULL),
  (92, 1, 3, '초코케이크', 5200, NULL),
  (93, 1, 3, '생크림케이크', 5200, NULL),
  (94, 1, 3, '당근케이크', 5200, NULL),
  (95, 1, 3, '고구마케이크', 5200, NULL),
  (96, 1, 3, '바나나케이크', 5200, NULL),
  (97, 1, 3, '쿠키앤크림케이크', 5200, NULL),
  (98, 1, 3, '블루베리 요거트케이크', 5200, NULL),
  (99, 1, 3, '마카롱', 3000, NULL),
  (100, 1, 3, '무지개케이크', 5200, NULL),
  (101, 1, 3, '크렘브륄레', 4800, NULL),
  -- Bakery (16)
  (102, 1, 12, '크로아상', 3200, NULL),
  (103, 1, 12, '버터크로아상', 3400, NULL),
  (104, 1, 12, '초코크로아상', 3600, NULL),
  (105, 1, 12, '아몬드크로아상', 3800, NULL),
  (106, 1, 12, '바게트', 3000, NULL),
  (107, 1, 12, '소금빵', 3000, NULL),
  (108, 1, 12, '치즈소금빵', 3200, NULL),
  (109, 1, 12, '명란바게트', 3800, NULL),
  (110, 1, 12, '플레인스콘', 3200, NULL),
  (111, 1, 12, '블루베리스콘', 3400, NULL),
  (112, 1, 12, '초코칩스콘', 3400, NULL),
  (113, 1, 12, '마늘바게트', 3200, NULL),
  (114, 1, 12, '시나몬롤', 3500, NULL),
  (115, 1, 12, '페스츄리(애플/딸기/피치)', 3600, NULL),
  (116, 1, 12, '베이글(플레인/블루베리/어니언)', 3200, NULL),
  (117, 1, 12, '크림치즈 베이글', 3600, NULL),
  -- IceCream / Shake (9)
  (118, 1, 13, '바닐라 아이스크림', 4000, NULL),
  (119, 1, 13, '초코 아이스크림', 4000, NULL),
  (120, 1, 13, '망고 아이스크림', 4200, NULL),
  (121, 1, 13, '요거트 아이스크림', 4200, NULL),
  (122, 1, 13, '밀크쉐이크', 4500, NULL),
  (123, 1, 13, '스트로베리쉐이크', 4500, NULL),
  (124, 1, 13, '초코쉐이크', 4500, NULL),
  (125, 1, 13, '바닐라쉐이크', 4500, NULL),
  (126, 1, 13, '쿠키쉐이크', 4500, NULL),
  -- Cafeteria Breakfast (6)
  (127, 3, 4, '백반 정식', 5500, NULL),
  (128, 3, 4, '소시지 달걀 조식', 5200, NULL),
  (129, 3, 4, '참치김치볶음 조식', 5200, NULL),
  (130, 3, 4, '김가루계란밥', 4500, NULL),
  (131, 3, 4, '소고기 미역국 정식', 6000, NULL),
  (132, 3, 4, '두부부침 정식', 5200, NULL),
  -- Cafeteria Stew (6)
  (133, 3, 5, '김치찌개', 6500, NULL),
  (134, 3, 5, '된장찌개', 6500, NULL),
  (135, 3, 5, '순두부찌개', 6500, NULL),
  (136, 3, 5, '뚝배기불고기', 7000, NULL),
  (137, 3, 5, '돌솥비빔밥', 7000, NULL),
  (138, 3, 5, '차돌박이 된장찌개', 7000, NULL),
  -- Cafeteria Korean (6)
  (139, 3, 6, '제육볶음', 7000, NULL),
  (140, 3, 6, '불고기정식', 7500, NULL),
  (141, 3, 6, '닭갈비덮밥', 7000, NULL),
  (142, 3, 6, '고등어구이 정식', 7500, NULL),
  (143, 3, 6, '갈비탕', 8000, NULL),
  (144, 3, 6, '비빔밥', 6500, NULL),
  -- Cafeteria Donkatsu/Pasta (6)
  (145, 3, 17, '등심돈까스', 7000, NULL),
  (146, 3, 17, '치즈돈까스', 7300, NULL),
  (147, 3, 17, '카레돈까스', 7300, NULL),
  (148, 3, 14, '크림파스타', 7000, NULL),
  (149, 3, 14, '토마토파스타', 7000, NULL),
  (150, 3, 14, '로제파스타', 7300, NULL),
  -- Cafeteria Bunsik (6)
  (151, 3, 18, '떡볶이', 4800, NULL),
  (152, 3, 18, '김밥', 3500, NULL),
  (153, 3, 18, '치즈김밥', 3800, NULL),
  (154, 3, 18, '순대', 4800, NULL),
  (155, 3, 18, '튀김 모듬', 4800, NULL),
  (156, 3, 18, '라볶이', 5500, NULL),
  -- Cafeteria Ramen/Salad (6)
  (157, 3, 16, '사리곰탕라면', 4500, NULL),
  (158, 3, 16, '치즈라면', 4500, NULL),
  (159, 3, 16, '김치라면', 4500, NULL),
  (160, 3, 15, '샐러드(닭가슴살)', 5500, NULL),
  (161, 3, 15, '시저샐러드', 5500, NULL),
  (162, 3, 15, '파스타 샐러드', 5500, NULL);
